rawID,sampleID,resistance_status,cyp51A
NG-A0353_2010_libLAB0553,Sample_2010,Resistant,TR34/L98H
NG-A0353_2119_libLAB0545,Sample_2119,Resistant,TR34/L98H
NG-A0353_2133_libLAB0546,Sample_2133,Resistant,TR34/L98H
NG-A0353_2135_libLAB0555,Sample_2135,Resistant,TR34/L98H
NG-A0353_2712_libLAB0544,Sample_2712,Resistant,TR34/L98H
NG-A0353_M_295_libLAB0548,Sample_M_295,Resistant,NA
NG-A0353_M_299_libLAB0547,Sample_M_299,Resistant,TR34/L98H
NG-A0353_M_377_libLAB0554,Sample_M_377,Resistant,TR34/L98H
NG-A0353_M_382_libLAB0551,Sample_M_382,Susceptible,NA
NG-A0353_M_597_libLAB0549,Sample_M_597,Resistant,TR34/L98H
SRR13579316,SRR13579316,Susceptible,NA
SRR13579313,SRR13579313,Resistant,TR34/L98H
SRR13579463,SRR13579463,Susceptible,NA
SRR13579317,SRR13579317,Resistant,TR34/L98H
SRR13579305,SRR13579305,Resistant,TR34/L98H
SRR13579437,SRR13579437,Resistant,TR34/L98H
SRR10714246,SRR10714246,Resistant,TR34/L98H
SRR10714242,SRR10714242,Resistant,TR34/L98H
SRR13579409,SRR13579409,Resistant,TR34/L98H
SRR13579454,SRR13579454,Resistant,NA
SRR13579449,SRR13579449,Resistant,TR34/L98H
SRR13579320,SRR13579320,Resistant,TR34/L98H/S297T/F495I
SRR13579347,SRR13579347,Resistant,TR46/G448S
SRR13579346,SRR13579346,Resistant,TR46/Y121F/T289A/G448S
SRR13579397,SRR13579397,Susceptible,NA
SRR13579402,SRR13579402,Susceptible,NA
SRR13579360,SRR13579360,Susceptible,NA
SRR13579332,SRR13579332,Susceptible,NA
SRR13579384,SRR13579384,Susceptible,NA
SRR13579341,SRR13579341,Resistant,NA
SRR13579457,SRR13579457,Susceptible,NA
SRR10714248,SRR10714248,Susceptible,NA
SRR13579392,SRR13579392,Susceptible,NA
